{
    "stat": {
        "realTime": 4.7335920333862305,
        "ru_self_end": {
            "ru_utime_sec": 4.3494960000000003,
            "ru_majflt": 27,
            "ru_stime_sec": 0.17600399999999999,
            "ru_maxrss_kb": 158804,
            "ru_nvcsw": 34,
            "ru_minflt": 30425,
            "ru_nivcsw": 75
        },
        "outputSizePerQuad": 132.41057910673732,
        "nMops": 119345,
        "ru_self_cgstart": {
            "ru_utime_sec": 3.206906,
            "ru_majflt": 24,
            "ru_stime_sec": 0.12795599999999999,
            "ru_maxrss_kb": 157596,
            "ru_nvcsw": 34,
            "ru_minflt": 29600,
            "ru_nivcsw": 50
        },
        "nQuads": 42272,
        "CodeGen(%)": 26.18480640009388,
        "ru_childs_cgstart": {
            "ru_utime_sec": 0.014064999999999999,
            "ru_majflt": 0,
            "ru_stime_sec": 0.011745,
            "ru_maxrss_kb": 157596,
            "ru_nvcsw": 17,
            "ru_minflt": 2337,
            "ru_nivcsw": 0
        },
        "cpu_cycles_cgstart": 23421811871568,
        "cpu_cycles_total": 12223615572,
        "mopSpeed": 104451.29048915178,
        "quadSpeed": 36996.647966462137,
        "totalObjSize": 5597260,
        "ru_childs_end": {
            "ru_utime_sec": 0.014064999999999999,
            "ru_majflt": 0,
            "ru_stime_sec": 0.011745,
            "ru_maxrss_kb": 157596,
            "ru_nvcsw": 17,
            "ru_minflt": 2337,
            "ru_nivcsw": 0
        },
        "cpu_cycles_end": 23424899712998,
        "mop/quad": 2.8232636260408781,
        "Frontend(%)": 73.815193599906124,
        "peak_mem_kb": 262460
    },
    "cpu_cycles_pass2_start": 23421811800240,
    "LVLData": [
        "SIM"
    ],
    "CompileProcesses": [
        "cgproc.27278.json"
    ],
    "CompileStatus": "Successful",
    "cycles_program_begin": 23412676097426,
    "MlibObjs": {},
    "perf": [
        {
            "stat": [
                "main",
                "entry",
                0.017714023590087891,
                0.035660999999999998,
                0.016354,
                199976,
                199976,
                0.0,
                0.0,
                1678978445.130568,
                23412676368320
            ],
            "sub": [
                {
                    "stat": [
                        "doParsingAndDesignResolution",
                        "entry",
                        0.20929288864135742,
                        0.066966999999999999,
                        0.031514,
                        209276,
                        210076,
                        0.0,
                        0.0,
                        1678978445.3221469,
                        23413172941680
                    ],
                    "sub": []
                },
                {
                    "stat": [
                        "doParsingAndDesignResolution",
                        "exit",
                        1.3502719402313232,
                        1.1249039999999999,
                        0.091746999999999995,
                        244688,
                        245336,
                        0.0,
                        0.0,
                        1678978446.4631259,
                        23416130352320
                    ],
                    "sub": []
                },
                {
                    "stat": [
                        "doPostDesignResolutionToVir2Vcs",
                        "entry",
                        1.3504049777984619,
                        1.1250279999999999,
                        0.091757000000000005,
                        244688,
                        245336,
                        0.0,
                        0.0,
                        1678978446.463259,
                        23416130620622
                    ],
                    "sub": [
                        {
                            "stat": [
                                "doUptoVir2VcsNoSepCleanup",
                                "entry",
                                1.9468209743499756,
                                1.698043,
                                0.091936000000000004,
                                245204,
                                245336,
                                0.0,
                                0.0,
                                1678978447.059675,
                                23417676616672
                            ],
                            "sub": []
                        },
                        {
                            "stat": [
                                "doUptoVir2VcsNoSepCleanup",
                                "exit",
                                3.3999459743499756,
                                3.098201,
                                0.11992999999999999,
                                250124,
                                262460,
                                0.0,
                                0.0,
                                1678978448.5128,
                                23421443110302
                            ],
                            "sub": []
                        },
                        {
                            "stat": [
                                "doRadify_vir2vcsAll",
                                "entry",
                                3.4000198841094971,
                                3.098274,
                                0.119933,
                                250124,
                                262460,
                                0.0,
                                0.0,
                                1678978448.5128739,
                                23421443219454
                            ],
                            "sub": []
                        },
                        {
                            "stat": [
                                "doRadify_vir2vcsAll",
                                "exit",
                                3.5090010166168213,
                                3.1993719999999999,
                                0.12781500000000001,
                                259840,
                                262460,
                                0.0,
                                0.0,
                                1678978448.621855,
                                23421725774424
                            ],
                            "sub": []
                        }
                    ]
                },
                {
                    "stat": [
                        "doPostDesignResolutionToVir2Vcs",
                        "exit",
                        3.5090780258178711,
                        3.199446,
                        0.12781799999999999,
                        259840,
                        262460,
                        0.0,
                        0.0,
                        1678978448.621932,
                        23421725892908
                    ],
                    "sub": []
                },
                {
                    "stat": [
                        "doGAToPass2",
                        "entry",
                        3.5091021060943604,
                        3.1994699999999998,
                        0.12781899999999999,
                        259840,
                        262460,
                        0.0,
                        0.0,
                        1678978448.6219561,
                        23421725947278
                    ],